<?xml version="1.0" encoding="utf-8"?>
<edmx:Edmx Version="1.0" xmlns:edmx="http://schemas.microsoft.com/ado/2007/06/edmx" xmlns:m="http://schemas.microsoft.com/ado/2007/08/dataservices/metadata" xmlns:sap="http://www.sap.com/Protocols/SAPData">
    <edmx:Reference Uri=".1/sap/opu/odata/IWFND/CATALOGSERVICE;v=2/Vocabularies(TechnicalName='%2FIWBEP%2FVOC_COMMON',Version='0001',SAP__Origin='LOCAL')/$value" xmlns:edmx="http://docs.oasis-open.org/odata/ns/edmx">
        <edmx:Include Namespace="com.sap.vocabularies.Common.v1" Alias="Common"/>
    </edmx:Reference>
    <edmx:Reference Uri=".1/sap/opu/odata/IWFND/CATALOGSERVICE;v=2/Vocabularies(TechnicalName='%2FIWBEP%2FVOC_CAPABILITIES',Version='0001',SAP__Origin='LOCAL')/$value" xmlns:edmx="http://docs.oasis-open.org/odata/ns/edmx">
        <edmx:Include Namespace="Org.OData.Capabilities.V1" Alias="Capabilities"/>
    </edmx:Reference>
    <edmx:Reference Uri=".1/sap/opu/odata/IWFND/CATALOGSERVICE;v=2/Vocabularies(TechnicalName='%2FIWBEP%2FVOC_COMMUNICATION',Version='0001',SAP__Origin='LOCAL')/$value" xmlns:edmx="http://docs.oasis-open.org/odata/ns/edmx">
        <edmx:Include Namespace="com.sap.vocabularies.Communication.v1" Alias="Communication"/>
    </edmx:Reference>
    <edmx:Reference Uri=".1/sap/opu/odata/IWFND/CATALOGSERVICE;v=2/Vocabularies(TechnicalName='%2FIWBEP%2FVOC_AGGREGATION',Version='0001',SAP__Origin='LOCAL')/$value" xmlns:edmx="http://docs.oasis-open.org/odata/ns/edmx">
        <edmx:Include Namespace="Org.OData.Aggregation.V1" Alias="Aggregation"/>
    </edmx:Reference>
    <edmx:Reference Uri=".1/sap/opu/odata/IWFND/CATALOGSERVICE;v=2/Vocabularies(TechnicalName='%2FIWBEP%2FVOC_PERSONALDATA',Version='0001',SAP__Origin='LOCAL')/$value" xmlns:edmx="http://docs.oasis-open.org/odata/ns/edmx">
        <edmx:Include Namespace="com.sap.vocabularies.PersonalData.v1" Alias="PersonalData"/>
    </edmx:Reference>
    <edmx:DataServices m:DataServiceVersion="2.0">
        <Schema Namespace="ZTDDSCARR00_CDS" xml:lang="en" sap:schema-version="1" xmlns="http://schemas.microsoft.com/ado/2008/09/edm">
            <EntityType Name="carrierSetType" sap:label="scarr" sap:content-version="1">
                <Key>
                    <PropertyRef Name="Carrid"/>
                </Key>
                <Property Name="Carrid" Type="Edm.String" Nullable="false" MaxLength="3" sap:display-format="UpperCase" sap:label="Airline" sap:quickinfo="Airline Code"/>
                <Property Name="Carrname" Type="Edm.String" MaxLength="20" sap:label="Airline" sap:quickinfo="Airline name"/>
                <Property Name="Currcode" Type="Edm.String" MaxLength="5" sap:label="Airline Currency" sap:quickinfo="Local currency of airline" sap:semantics="currency-code"/>
                <Property Name="Url" Type="Edm.String" MaxLength="255" sap:label="URL" sap:quickinfo="Airline URL"/>
                <NavigationProperty Name="to_Item" Relationship="ZTDDSCARR00_CDS.assoc_12C7224343FEAE232F69C1FA94F9EF28" FromRole="FromRole_assoc_12C7224343FEAE232F69C1FA94F9EF28" ToRole="ToRole_assoc_12C7224343FEAE232F69C1FA94F9EF28"/>
            </EntityType>
            <EntityType Name="ZTDDSFLIGHT00Type" sap:label="sflight" sap:content-version="1">
                <Key>
                    <PropertyRef Name="Carrid"/>
                    <PropertyRef Name="Connid"/>
                </Key>
                <Property Name="Carrid" Type="Edm.String" Nullable="false" MaxLength="3" sap:display-format="UpperCase" sap:label="Airline" sap:quickinfo="Airline Code"/>
                <Property Name="Connid" Type="Edm.String" Nullable="false" MaxLength="4" sap:display-format="NonNegative" sap:label="Connection Number" sap:quickinfo="Flight Connection Number"/>
                <Property Name="Price" Type="Edm.Decimal" Precision="16" Scale="3"/>
                <Property Name="Seatsmax" Type="Edm.Int32"/>
                <Property Name="Seatsocc" Type="Edm.Int32"/>
            </EntityType>
            <Association Name="assoc_12C7224343FEAE232F69C1FA94F9EF28" sap:content-version="1">
                <End Type="ZTDDSCARR00_CDS.carrierSetType" Multiplicity="1" Role="FromRole_assoc_12C7224343FEAE232F69C1FA94F9EF28"/>
                <End Type="ZTDDSCARR00_CDS.ZTDDSFLIGHT00Type" Multiplicity="*" Role="ToRole_assoc_12C7224343FEAE232F69C1FA94F9EF28"/>
            </Association>
            <EntityContainer Name="ZTDDSCARR00_CDS_Entities" m:IsDefaultEntityContainer="true" sap:message-scope-supported="true" sap:supported-formats="atom json xlsx">
                <EntitySet Name="carrierSet" EntityType="ZTDDSCARR00_CDS.carrierSetType" sap:creatable="false" sap:updatable="false" sap:deletable="false" sap:content-version="1"/>
                <EntitySet Name="ZTDDSFLIGHT00" EntityType="ZTDDSCARR00_CDS.ZTDDSFLIGHT00Type" sap:creatable="false" sap:updatable="false" sap:deletable="false" sap:content-version="1"/>
                <AssociationSet Name="assoc_12C7224343FEAE232F69C1FA94F9EF28" Association="ZTDDSCARR00_CDS.assoc_12C7224343FEAE232F69C1FA94F9EF28" sap:creatable="false" sap:updatable="false" sap:deletable="false" sap:content-version="1">
                    <End EntitySet="carrierSet" Role="FromRole_assoc_12C7224343FEAE232F69C1FA94F9EF28"/>
                    <End EntitySet="ZTDDSFLIGHT00" Role="ToRole_assoc_12C7224343FEAE232F69C1FA94F9EF28"/>
                </AssociationSet>
            </EntityContainer>
            <Annotations Target="ZTDDSCARR00_CDS.ZTDDSCARR00_CDS_Entities" xmlns="http://docs.oasis-open.org/odata/ns/edm">
                <Annotation Term="Aggregation.ApplySupported">
                    <Record>
                        <PropertyValue Property="Transformations">
                            <Collection>
                                <String>aggregate</String>
                                <String>groupby</String>
                                <String>filter</String>
                            </Collection>
                        </PropertyValue>
                        <PropertyValue Property="Rollup" EnumMember="None"/>
                    </Record>
                </Annotation>
            </Annotations>
            <atom:link rel="self" href="http://edu.bgis.co.kr:8001/sap/opu/odata/sap/ZTDDSCARR00_CDS/$metadata" xmlns:atom="http://www.w3.org/2005/Atom"/>
            <atom:link rel="latest-version" href="http://edu.bgis.co.kr:8001/sap/opu/odata/sap/ZTDDSCARR00_CDS/$metadata" xmlns:atom="http://www.w3.org/2005/Atom"/>
        </Schema>
    </edmx:DataServices>
</edmx:Edmx>